match_id,match_datetime,stage,fixture,player_id,player_name,nation,team,minutes,goals,assists,key_passes,dribbles,ball_recoveries,clearances,interceptions,tackles,blocks_saves,shots_on_target,yellow_cards,red_cards,own_goals,penalties_missed,penalties_saved,goals_conceded,defcons,attcons,points,processed_at
4tcpns1nwyc0jtpucgzj9dp90,2026-06-11T19:00:00+00:00,G1,Mexico vs South Africa,d2y0n3bf5ttu1dsqg1atuczu2,R. Rangel,,Mexico,97.0,0,0,0,0,3,0,0,0,2,0,0,0,0,0,0,0,5,0,0.0,2026-06-12T14:11:11.777252+00:00
4tcpns1nwyc0jtpucgzj9dp90,2026-06-11T19:00:00+00:00,G1,Mexico vs South Africa,a1ootdgvyfcn6u2tdmnts68ve,I. Reyes,,Mexico,97.0,0,0,2,0,2,3,1,0,0,0,0,0,0,0,0,0,6,2,0.0,2026-06-12T14:11:11.777275+00:00
4tcpns1nwyc0jtpucgzj9dp90,2026-06-11T19:00:00+00:00,G1,Mexico vs South Africa,306gjy5xp2u15gh9qwrek551x,J. Gallardo,,Mexico,97.0,0,0,0,0,3,3,3,0,0,0,0,0,0,0,0,0,9,0,0.0,2026-06-12T14:11:11.777290+00:00
4tcpns1nwyc0jtpucgzj9dp90,2026-06-11T19:00:00+00:00,G1,Mexico vs South Africa,31dp67pr3e23fjt8diy1u3fca,É. Lira,,Mexico,75.0,0,1,1,0,0,1,1,2,0,0,0,0,0,0,0,0,4,1,0.0,2026-06-12T14:11:11.777304+00:00
4tcpns1nwyc0jtpucgzj9dp90,2026-06-11T19:00:00+00:00,G1,Mexico vs South Africa,cbhdq57m8kxdeqjf42z0i3rop,C. Montes,,Mexico,91.0,0,0,0,0,4,3,1,0,0,0,0,1,0,0,0,0,8,0,0.0,2026-06-12T14:11:11.777317+00:00
4tcpns1nwyc0jtpucgzj9dp90,2026-06-11T19:00:00+00:00,G1,Mexico vs South Africa,7ojvhhfvbtbn60sc50y4l2ctm,J. Vásquez,,Mexico,97.0,0,0,0,0,1,3,1,1,0,0,0,0,0,0,0,0,6,0,0.0,2026-06-12T14:11:11.777328+00:00
4tcpns1nwyc0jtpucgzj9dp90,2026-06-11T19:00:00+00:00,G1,Mexico vs South Africa,9vvleh9yqqcm955432lsl8c7p,R. Alvarado,,Mexico,97.0,0,1,2,2,6,0,0,5,0,0,0,0,0,0,0,0,11,4,0.0,2026-06-12T14:11:11.777340+00:00
4tcpns1nwyc0jtpucgzj9dp90,2026-06-11T19:00:00+00:00,G1,Mexico vs South Africa,4905smnxfjmrv8ofswccszuqy,B. Gutiérrez,,Mexico,65.0,0,0,3,2,1,0,0,0,0,0,1,0,0,0,0,0,1,5,0.0,2026-06-12T14:11:11.777352+00:00
4tcpns1nwyc0jtpucgzj9dp90,2026-06-11T19:00:00+00:00,G1,Mexico vs South Africa,5wa8lzp50ccfhxg3j4f65gt79,R. Jiménez,Mexico,Mexico,75.0,1,0,2,2,0,1,0,1,0,2,0,0,0,0,0,0,2,6,6.0,2026-06-12T14:11:11.777428+00:00
4tcpns1nwyc0jtpucgzj9dp90,2026-06-11T19:00:00+00:00,G1,Mexico vs South Africa,733ho2s9aqwwxzbqfiia3b7bp,Á. Fidalgo,,Mexico,65.0,0,0,1,3,5,0,0,0,0,0,0,0,0,0,0,0,5,4,0.0,2026-06-12T14:11:11.777447+00:00
4tcpns1nwyc0jtpucgzj9dp90,2026-06-11T19:00:00+00:00,G1,Mexico vs South Africa,8oysg1rd2ern90ef3pbxsuwo9,J. Quiñones,,Mexico,78.0,1,0,2,7,4,0,0,0,0,2,0,0,0,0,0,0,4,11,0.0,2026-06-12T14:11:11.777459+00:00
4tcpns1nwyc0jtpucgzj9dp90,2026-06-11T19:00:00+00:00,G1,Mexico vs South Africa,bp3apdb2ahzacq45k4mzj5jhl,E. Álvarez,,Mexico,22.0,0,0,0,0,1,0,0,1,0,0,0,0,0,0,0,0,2,0,0.0,2026-06-12T14:11:11.777473+00:00
4tcpns1nwyc0jtpucgzj9dp90,2026-06-11T19:00:00+00:00,G1,Mexico vs South Africa,64gu02ctffkrmdh0pr3lojyeh,A. Vega,,Mexico,19.0,0,0,0,1,1,0,0,0,0,0,0,0,0,0,0,0,1,1,0.0,2026-06-12T14:11:11.777485+00:00
4tcpns1nwyc0jtpucgzj9dp90,2026-06-11T19:00:00+00:00,G1,Mexico vs South Africa,bacfellhebfxls5mhsg416fpw,A. González,,Mexico,22.0,0,0,0,0,0,0,0,0,0,0,0,0,0,0,0,0,0,0,0.0,2026-06-12T14:11:11.777500+00:00
4tcpns1nwyc0jtpucgzj9dp90,2026-06-11T19:00:00+00:00,G1,Mexico vs South Africa,3gaxxgtpn765bolqb4x8i36l0,G. Mora,,Mexico,32.0,0,0,0,2,2,0,1,0,0,0,0,0,0,0,0,0,3,2,0.0,2026-06-12T14:11:11.777511+00:00
4tcpns1nwyc0jtpucgzj9dp90,2026-06-11T19:00:00+00:00,G1,Mexico vs South Africa,ehwo68aazpcv1eqhaq5nusrmd,L. Chávez,,Mexico,32.0,0,0,0,0,1,1,0,2,0,0,0,0,0,0,0,0,4,0,0.0,2026-06-12T14:11:11.777523+00:00
4tcpns1nwyc0jtpucgzj9dp90,2026-06-11T19:00:00+00:00,G1,Mexico vs South Africa,bqdjsw7yruw89kfwi4kq281qt,R. Williams,,South Africa,97.0,0,0,0,0,2,2,1,0,2,0,0,0,0,0,0,2,7,0,0.0,2026-06-12T14:11:11.777535+00:00
4tcpns1nwyc0jtpucgzj9dp90,2026-06-11T19:00:00+00:00,G1,Mexico vs South Africa,cyhjayqlzuido52zd79v3nd2h,K. Mudau,,South Africa,97.0,0,0,0,2,4,2,1,4,0,0,0,0,0,0,0,2,11,2,0.0,2026-06-12T14:11:11.777547+00:00
4tcpns1nwyc0jtpucgzj9dp90,2026-06-11T19:00:00+00:00,G1,Mexico vs South Africa,c23ryzsrkt28f7esqxe8dv9wp,A. Modiba,,South Africa,76.0,0,0,0,3,4,0,0,3,0,1,0,0,0,0,0,2,7,4,0.0,2026-06-12T14:11:11.777562+00:00
4tcpns1nwyc0jtpucgzj9dp90,2026-06-11T19:00:00+00:00,G1,Mexico vs South Africa,1rc9l6360pxvs4l7zc8y3yk9g,M. Mbokazi,,South Africa,97.0,0,0,1,0,3,4,1,2,1,1,0,0,0,0,0,2,11,2,0.0,2026-06-12T14:11:11.777574+00:00
4tcpns1nwyc0jtpucgzj9dp90,2026-06-11T19:00:00+00:00,G1,Mexico vs South Africa,ec43qhrcz46fwpb0mf1zkp89g,I. Okon,,South Africa,97.0,0,0,0,1,4,6,0,2,0,0,0,0,0,0,0,2,12,1,0.0,2026-06-12T14:11:11.777585+00:00
4tcpns1nwyc0jtpucgzj9dp90,2026-06-11T19:00:00+00:00,G1,Mexico vs South Africa,82zv0xzndart8qr7ovdz4lc6h,N. Sibisi,,South Africa,97.0,0,0,0,0,3,1,1,0,0,0,1,0,0,0,0,2,5,0,0.0,2026-06-12T14:11:11.777596+00:00
4tcpns1nwyc0jtpucgzj9dp90,2026-06-11T19:00:00+00:00,G1,Mexico vs South Africa,aozjar4nxm7wzvy1m3l2dxyax,T. Mokoena,,South Africa,97.0,0,0,1,2,4,1,2,0,0,0,1,0,0,0,0,2,7,3,0.0,2026-06-12T14:11:11.777607+00:00
4tcpns1nwyc0jtpucgzj9dp90,2026-06-11T19:00:00+00:00,G1,Mexico vs South Africa,7qcwyfa4ucuvxo1k2cd9oijt,Y. Sithole,,South Africa,49.0,0,0,0,0,2,0,1,0,2,0,0,1,0,0,0,1,5,0,0.0,2026-06-12T14:11:11.777619+00:00
4tcpns1nwyc0jtpucgzj9dp90,2026-06-11T19:00:00+00:00,G1,Mexico vs South Africa,21545vwheo9a30u5hgnsrecmi,L. Foster,,South Africa,55.0,0,0,0,1,0,0,0,0,0,0,0,0,0,0,0,1,0,1,0.0,2026-06-12T14:11:11.777631+00:00
4tcpns1nwyc0jtpucgzj9dp90,2026-06-11T19:00:00+00:00,G1,Mexico vs South Africa,150n1pkawektzsahhtc2qlfpx,I. Rayners,,South Africa,75.0,0,0,0,0,1,0,0,0,1,0,0,0,0,0,0,2,2,0,0.0,2026-06-12T14:11:11.777642+00:00
4tcpns1nwyc0jtpucgzj9dp90,2026-06-11T19:00:00+00:00,G1,Mexico vs South Africa,7awfrx1wusdpdpo43tfmroljo,J. Adams,,South Africa,60.0,0,0,0,1,1,0,0,0,1,0,0,0,0,0,0,1,2,1,0.0,2026-06-12T14:11:11.777654+00:00
4tcpns1nwyc0jtpucgzj9dp90,2026-06-11T19:00:00+00:00,G1,Mexico vs South Africa,2yy92k3mijydne7x62l14x5ka,T. Mbatha,,South Africa,42.0,0,0,0,1,1,0,0,2,0,0,0,0,0,0,0,1,3,1,0.0,2026-06-12T14:11:11.777666+00:00
4tcpns1nwyc0jtpucgzj9dp90,2026-06-11T19:00:00+00:00,G1,Mexico vs South Africa,bgus835fleaiz07n3m8icaiy2,O. Appollis,,South Africa,21.0,0,0,0,0,3,0,0,1,0,0,0,0,0,0,0,0,4,0,0.0,2026-06-12T14:11:11.777677+00:00
4tcpns1nwyc0jtpucgzj9dp90,2026-06-11T19:00:00+00:00,G1,Mexico vs South Africa,ejedv0ucnxotfpn0bv8x0dck5,T. Zwane,,South Africa,23.0,0,0,0,0,2,0,0,0,0,0,0,1,0,0,0,1,2,0,0.0,2026-06-12T14:11:11.777689+00:00
4tcpns1nwyc0jtpucgzj9dp90,2026-06-11T19:00:00+00:00,G1,Mexico vs South Africa,8a3wpfqogegargr5owpmxwj8q,E. Makgopa,,South Africa,22.0,0,0,0,0,1,0,0,0,0,0,0,0,0,0,0,0,1,0,0.0,2026-06-12T14:11:11.777701+00:00
9hjlhmip7tn4qgpwr47txpafo,2026-06-12T02:00:00+00:00,G1,Korea Republic vs Czechia,86gtnji8gzd7t05si9bzdhcyd,Kim Seung-Gyu,,Korea Republic,96.0,0,0,0,0,4,0,0,0,3,0,0,0,0,0,0,1,7,0,0.0,2026-06-12T14:11:11.981242+00:00
9hjlhmip7tn4qgpwr47txpafo,2026-06-12T02:00:00+00:00,G1,Korea Republic vs Czechia,eifui3hrv21plt57hxo8dhl62,Seol Young-Woo,,Korea Republic,96.0,0,0,1,1,3,1,1,1,0,0,0,0,0,0,0,1,6,2,0.0,2026-06-12T14:11:11.981261+00:00
9hjlhmip7tn4qgpwr47txpafo,2026-06-12T02:00:00+00:00,G1,Korea Republic vs Czechia,av2iblvadx7u9cj27qgbm09ka,Lee Tae-Seok,,Korea Republic,68.0,0,0,2,0,0,6,0,1,0,0,0,0,0,0,0,1,7,2,0.0,2026-06-12T14:11:11.981274+00:00
9hjlhmip7tn4qgpwr47txpafo,2026-06-12T02:00:00+00:00,G1,Korea Republic vs Czechia,7g2f8v5bmgnqxy8bla80tq1as,Lee Gi-Hyuk,,Korea Republic,96.0,0,0,0,0,2,8,3,0,0,0,1,0,0,0,0,1,13,0,0.0,2026-06-12T14:11:11.981286+00:00
9hjlhmip7tn4qgpwr47txpafo,2026-06-12T02:00:00+00:00,G1,Korea Republic vs Czechia,2p1pns6j6id4nx3nbi7fv0wrt,Kim Min-Jae,South Korea,Korea Republic,96.0,0,0,2,0,3,3,2,1,0,0,0,0,0,0,0,1,6,2,1.5,2026-06-12T14:11:11.981354+00:00
9hjlhmip7tn4qgpwr47txpafo,2026-06-12T02:00:00+00:00,G1,Korea Republic vs Czechia,c3sp1x0shf2b24rl5ike6v0iy,Lee Han-Beom,,Korea Republic,96.0,0,0,0,0,2,5,0,1,0,0,0,0,0,0,0,1,8,0,0.0,2026-06-12T14:11:11.981373+00:00
9hjlhmip7tn4qgpwr47txpafo,2026-06-12T02:00:00+00:00,G1,Korea Republic vs Czechia,43ib46nh45n9oajf5rmaz4f6x,Hwang In-Beom,,Korea Republic,83.0,1,1,1,2,5,2,2,0,0,2,0,0,0,0,0,1,9,5,0.0,2026-06-12T14:11:11.981387+00:00
9hjlhmip7tn4qgpwr47txpafo,2026-06-12T02:00:00+00:00,G1,Korea Republic vs Czechia,cc5c5mmpywxpgrb33oztcdgid,Paik Seung-Ho,,Korea Republic,83.0,0,0,0,1,2,4,0,0,0,0,0,0,0,0,0,1,6,1,0.0,2026-06-12T14:11:11.981399+00:00
9hjlhmip7tn4qgpwr47txpafo,2026-06-12T02:00:00+00:00,G1,Korea Republic vs Czechia,12ekwo6gbza410blv4b4r7ydx,Son Heung-Min,South Korea,Korea Republic,68.0,0,0,1,1,3,0,0,0,0,1,0,0,0,0,0,1,3,3,2.0,2026-06-12T14:11:11.981417+00:00
9hjlhmip7tn4qgpwr47txpafo,2026-06-12T02:00:00+00:00,G1,Korea Republic vs Czechia,8b3igmuipfhfzm39ack89de96,Lee Kang-In,,Korea Republic,96.0,0,1,3,8,1,0,0,1,0,1,0,0,0,0,0,1,2,12,0.0,2026-06-12T14:11:11.981432+00:00
9hjlhmip7tn4qgpwr47txpafo,2026-06-12T02:00:00+00:00,G1,Korea Republic vs Czechia,bwqqecmqm76v5b83v1cz891p1,Lee Jae-Sung,,Korea Republic,61.0,0,0,3,1,3,2,1,0,0,1,0,0,0,0,0,1,6,5,0.0,2026-06-12T14:11:11.981444+00:00
9hjlhmip7tn4qgpwr47txpafo,2026-06-12T02:00:00+00:00,G1,Korea Republic vs Czechia,dl8x6fzdexn8r0sj65vgcgq8l,Hwang Hee-Chan,,Korea Republic,35.0,0,0,0,2,1,0,0,0,0,0,0,0,0,0,0,0,1,2,0.0,2026-06-12T14:11:11.981457+00:00
9hjlhmip7tn4qgpwr47txpafo,2026-06-12T02:00:00+00:00,G1,Korea Republic vs Czechia,b5wk02yjsdg5u1bu6quczvrop,Park Jin-Seob,,Korea Republic,13.0,0,0,0,0,1,1,0,0,0,0,0,0,0,0,0,0,2,0,0.0,2026-06-12T14:11:11.981469+00:00
9hjlhmip7tn4qgpwr47txpafo,2026-06-12T02:00:00+00:00,G1,Korea Republic vs Czechia,9qe7czo24c9hz308iuzgx9nxm,Oh Hyeon-Gyu,,Korea Republic,28.0,1,0,1,1,0,0,0,0,0,1,0,0,0,0,0,0,0,3,0.0,2026-06-12T14:11:11.981480+00:00
9hjlhmip7tn4qgpwr47txpafo,2026-06-12T02:00:00+00:00,G1,Korea Republic vs Czechia,2tua5pzzwokmcrdjccus4slpl,Kim Jin-Gyu,,Korea Republic,13.0,0,0,0,0,0,0,0,0,0,0,0,0,0,0,0,0,0,0,0.0,2026-06-12T14:11:11.981495+00:00
9hjlhmip7tn4qgpwr47txpafo,2026-06-12T02:00:00+00:00,G1,Korea Republic vs Czechia,20ravs7guc7xweayjndidbnu2,Eom Ji-Sung,,Korea Republic,28.0,0,0,0,1,1,1,0,2,0,0,0,0,0,0,0,0,4,1,0.0,2026-06-12T14:11:11.981506+00:00
9hjlhmip7tn4qgpwr47txpafo,2026-06-12T02:00:00+00:00,G1,Korea Republic vs Czechia,cs4aca71qkt1ru20ppmi6djl6,M. Kovář,,Czechia,96.0,0,0,0,0,1,1,0,0,4,0,0,0,0,0,0,2,6,0,0.0,2026-06-12T14:11:11.981518+00:00
9hjlhmip7tn4qgpwr47txpafo,2026-06-12T02:00:00+00:00,G1,Korea Republic vs Czechia,4ryipy52oscxkv71ws0os5w5,V. Coufal,,Czechia,96.0,0,1,1,1,3,3,1,0,0,0,0,0,0,0,0,2,7,2,0.0,2026-06-12T14:11:11.981529+00:00
9hjlhmip7tn4qgpwr47txpafo,2026-06-12T02:00:00+00:00,G1,Korea Republic vs Czechia,7twrnp7os9wbiqsnwcbz9ju8l,J. Zelený,,Czechia,96.0,0,0,0,1,6,5,0,0,0,0,0,0,0,0,0,2,11,1,0.0,2026-06-12T14:11:11.981542+00:00
9hjlhmip7tn4qgpwr47txpafo,2026-06-12T02:00:00+00:00,G1,Korea Republic vs Czechia,3vp8awfs73xgrh2krs24w6up5,L. Krejčí,,Czechia,96.0,1,0,0,0,5,3,0,3,0,1,0,0,0,0,0,2,11,1,0.0,2026-06-12T14:11:11.981554+00:00
9hjlhmip7tn4qgpwr47txpafo,2026-06-12T02:00:00+00:00,G1,Korea Republic vs Czechia,725lp72qyqzvbul0aarhvi99m,R. Hranáč,,Czechia,96.0,0,0,0,0,3,1,0,0,1,0,0,0,0,0,0,2,5,0,0.0,2026-06-12T14:11:11.981567+00:00
9hjlhmip7tn4qgpwr47txpafo,2026-06-12T02:00:00+00:00,G1,Korea Republic vs Czechia,driu8wojk2aig2t9yesy71vro,Š. Chaloupek,,Czechia,96.0,0,0,0,0,4,3,1,1,1,0,0,0,0,0,0,2,10,0,0.0,2026-06-12T14:11:11.981579+00:00
9hjlhmip7tn4qgpwr47txpafo,2026-06-12T02:00:00+00:00,G1,Korea Republic vs Czechia,6wwagkprtmcadu8p6klcu2uhh,T. Souček,,Czechia,96.0,0,0,0,1,3,1,1,0,2,0,0,0,0,0,0,2,7,1,0.0,2026-06-12T14:11:11.981591+00:00
9hjlhmip7tn4qgpwr47txpafo,2026-06-12T02:00:00+00:00,G1,Korea Republic vs Czechia,7cgekcpn1trfydj4gqsj4yvx0,A. Sojka,,Czechia,83.0,0,0,1,1,3,0,2,1,0,0,0,0,0,0,0,2,6,2,0.0,2026-06-12T14:11:11.981604+00:00
9hjlhmip7tn4qgpwr47txpafo,2026-06-12T02:00:00+00:00,G1,Korea Republic vs Czechia,c0ewvrtk657uw4t5rlv87mq51,P. Schick,,Czechia,63.0,0,0,0,0,0,2,0,0,0,0,0,0,0,0,0,0,2,0,0.0,2026-06-12T14:11:11.981617+00:00
9hjlhmip7tn4qgpwr47txpafo,2026-06-12T02:00:00+00:00,G1,Korea Republic vs Czechia,5lwvt18g3d2qpuce2nqul4cet,L. Provod,,Czechia,63.0,0,0,0,1,3,1,1,2,0,0,0,0,0,0,0,0,7,1,0.0,2026-06-12T14:11:11.981629+00:00
9hjlhmip7tn4qgpwr47txpafo,2026-06-12T02:00:00+00:00,G1,Korea Republic vs Czechia,58vrddf0ws30ev8rrkjpkkrxm,P. Šulc,,Czechia,63.0,0,0,0,2,7,1,0,2,0,0,0,0,0,0,0,0,10,2,0.0,2026-06-12T14:11:11.981643+00:00
9hjlhmip7tn4qgpwr47txpafo,2026-06-12T02:00:00+00:00,G1,Korea Republic vs Czechia,e4vr28e9cbq3q5nux1jlpuuei,A. Hložek,,Czechia,33.0,0,0,0,0,0,0,0,0,0,1,0,0,0,0,0,2,0,1,0.0,2026-06-12T14:11:11.981656+00:00
9hjlhmip7tn4qgpwr47txpafo,2026-06-12T02:00:00+00:00,G1,Korea Republic vs Czechia,cxnlzyy9fxaca1u53y4soqk89,M. Chytil,,Czechia,13.0,0,0,1,0,0,0,0,0,0,0,0,0,0,0,0,0,0,1,0.0,2026-06-12T14:11:11.981670+00:00
9hjlhmip7tn4qgpwr47txpafo,2026-06-12T02:00:00+00:00,G1,Korea Republic vs Czechia,9qoc020keotb4s72a09zm5pzp,M. Sadílek,,Czechia,33.0,0,0,0,0,0,0,0,0,0,2,0,0,0,0,0,2,0,2,0.0,2026-06-12T14:11:11.981682+00:00
9hjlhmip7tn4qgpwr47txpafo,2026-06-12T02:00:00+00:00,G1,Korea Republic vs Czechia,9vdhoij110u7e94lh8uflo5w5,T. Chorý,,Czechia,33.0,0,0,0,0,0,0,0,0,0,0,0,0,0,0,0,2,0,0,0.0,2026-06-12T14:11:11.981696+00:00
